<?xml version="1.0" encoding="UTF-8"?>
<?xml-stylesheet type="text/css" href="pro5.css"?>
<STUDENTDATA>
	<STUDENT>
		<USN>USN   : 1BY18CS404</USN>
		<NAME>NAME : K B HEMANTH RAJ</NAME>
		<COLLEGE>COLLEGE : BMSIT</COLLEGE>
		<BRANCH>BRANCH :CSE</BRANCH>
		<YEAR>YEAR : 2018</YEAR>
		<EMAIL>E-MAIL : futurevisionbie@gmail.com</EMAIL>
	</STUDENT>
	<STUDENT>
		<USN>USN : 1BY18CS413</USN>
		<NAME>NAME : ABDUL</NAME>
		<COLLEGE>COLLEGE : BMSIT</COLLEGE>
		<BRANCH>BRANCH :CSE</BRANCH>
		<YEAR>YEAR : 2018</YEAR>
		<EMAIL>E-MAIL : Abdul@gmail.com</EMAIL>
	</STUDENT>
	<STUDENT>
		<USN>USN   : 1BY18CS419</USN>
		<NAME>NAME : PUNITH</NAME>
		<COLLEGE>COLLEGE : BMSIT</COLLEGE>
		<BRANCH>BRANCH :CSE</BRANCH>
		<YEAR>YEAR : 2018</YEAR>
		<EMAIL>E-MAIL : punith@gmail.com</EMAIL>
	</STUDENT>
</STUDENTDATA>